{
  "experiments": [
    "baseline_instruct",
    "franken_instruct_first_32",
    "franken_base_first_32",
    "perturb_all_5pct",
    "perturb_late_5pct",
    "franken_instruct_first_48",
    "franken_instruct_first_16",
    "swap_chunk_25_35_with_45_55"
  ],
  "binary_p_yes": [
    2.2118911147117615e-08,
    0.07568359375,
    2.7008354663848877e-07,
    1.7229467630386353e-08,
    1.955777406692505e-08,
    2.753734588623047e-05,
    0.04736328125,
    0.26953125
  ],
  "capability_scores": [
    0.8333333333333334,
    0.6666666666666666,
    0.8333333333333334,
    0.8333333333333334,
    0.8333333333333334,
    0.8333333333333334,
    0.8333333333333334,
    0.5
  ],
  "perplexities": [
    3.508979320526123,
    3.5270779132843018,
    3.329803466796875,
    3.548570156097412,
    3.558171272277832,
    3.6410531997680664,
    3.6303629875183105,
    11.960212707519531
  ],
  "p_yes_delta_from_baseline": [
    0.0,
    0.07568357163108885,
    2.4796463549137115e-07,
    -4.889443516731262e-09,
    -2.561137080192566e-09,
    2.751522697508335e-05,
    0.04736325913108885,
    0.26953122788108885
  ]
}