{
  "experiments": [
    "baseline_instruct",
    "swap_adjacent_30_35",
    "swap_distant_10_55",
    "franken_base_first_32",
    "franken_instruct_first_32"
  ],
  "binary_p_yes": [
    0.0002956390380859375,
    0.000179290771484375,
    5.817413330078125e-05,
    5.14984130859375e-05,
    0.10693359375
  ],
  "capability_scores": [
    0.8333333333333334,
    0.8333333333333334,
    0.8333333333333334,
    0.8333333333333334,
    0.6666666666666666
  ],
  "perplexities": [
    3.508979320526123,
    3.513396739959717,
    4.728434085845947,
    3.329803466796875,
    3.5270779132843018
  ],
  "p_yes_delta_from_baseline": [
    0.0,
    -0.0001163482666015625,
    -0.00023746490478515625,
    -0.000244140625,
    0.10663795471191406
  ]
}