{
  "p_yes": 2.2118973155350365e-08,
  "p_no": 1.0000001195344979,
  "logit_yes": 20.875,
  "logit_no": 38.5,
  "perplexity": 3.508979320526123,
  "type": "baseline"
}